{"cameraMode":{"drawMode":0,"name":"Shaded","section":"Shading Mode"},"sceneLighting":false,"audioPlay":false,"sceneViewState":{"m_AlwaysRefresh":false,"showFog":true,"showSkybox":false,"showFlares":true,"showImageEffects":true,"showParticleSystems":true,"showVisualEffectGraphs":true,"m_FxEnabled":true},"in2DMode":false,"pivot":{"x":-0.0349092036485672,"y":1.6730799674987794,"z":-4.078090190887451},"rotation":{"x":0.34085074067115786,"y":0.04933302104473114,"z":-0.017880668863654138,"w":0.9386794567108154},"size":7.794228553771973,"orthographic":false}