{"cameraMode":{"drawMode":0,"name":"Shaded","section":"Shading Mode"},"sceneLighting":true,"audioPlay":false,"sceneViewState":{"m_AlwaysRefresh":false,"showFog":true,"showSkybox":true,"showFlares":true,"showImageEffects":true,"showParticleSystems":true,"showVisualEffectGraphs":true,"m_FxEnabled":true},"in2DMode":false,"pivot":{"x":29.714599609375,"y":-0.029450811445713044,"z":6.108980655670166},"rotation":{"x":-0.4397552013397217,"y":0.010840723291039467,"z":-0.0052337986417114738,"w":-0.8981310129165649},"size":54.86210250854492,"orthographic":false}