{"cameraMode":{"drawMode":0,"name":"Shaded","section":"Shading Mode"},"sceneLighting":true,"audioPlay":false,"sceneViewState":{"m_AlwaysRefresh":false,"showFog":true,"showSkybox":true,"showFlares":true,"showImageEffects":true,"showParticleSystems":true,"showVisualEffectGraphs":true,"m_FxEnabled":true},"in2DMode":false,"pivot":{"x":70.17352294921875,"y":7.445093154907227,"z":89.85545349121094},"rotation":{"x":0.09505913406610489,"y":0.05043712258338928,"z":-0.004862457979470491,"w":0.9942386746406555},"size":41.247100830078128,"orthographic":false}