{"cameraMode":{"drawMode":0,"name":"Shaded","section":"Shading Mode"},"sceneLighting":true,"audioPlay":false,"sceneViewState":{"m_AlwaysRefresh":false,"showFog":true,"showSkybox":true,"showFlares":true,"showImageEffects":true,"showParticleSystems":true,"showVisualEffectGraphs":true,"m_FxEnabled":true},"in2DMode":false,"pivot":{"x":14.576436996459961,"y":20.695650100708009,"z":-8.0449857711792},"rotation":{"x":0.5027596950531006,"y":-0.010376178659498692,"z":0.006035837810486555,"w":0.8643812537193298},"size":13.86298656463623,"orthographic":false}