{"cameraMode":{"drawMode":0,"name":"Shaded","section":"Shading Mode"},"sceneLighting":false,"audioPlay":false,"sceneViewState":{"m_AlwaysRefresh":false,"showFog":true,"showSkybox":false,"showFlares":true,"showImageEffects":true,"showParticleSystems":true,"showVisualEffectGraphs":true,"m_FxEnabled":true},"in2DMode":false,"pivot":{"x":-2.8139171600341799,"y":2.9152207374572756,"z":-0.8769149780273438},"rotation":{"x":0.17402732372283936,"y":0.5947046279907227,"z":-0.13381487131118775,"w":0.7734251618385315},"size":7.088723659515381,"orthographic":false}