{"cameraMode":{"drawMode":0,"name":"Shaded","section":"Shading Mode"},"sceneLighting":false,"audioPlay":false,"sceneViewState":{"m_AlwaysRefresh":false,"showFog":true,"showSkybox":false,"showFlares":true,"showImageEffects":true,"showParticleSystems":true,"showVisualEffectGraphs":true,"m_FxEnabled":true},"in2DMode":false,"pivot":{"x":1.2579500675201417,"y":54.62044143676758,"z":-41.266998291015628},"rotation":{"x":0.4687064588069916,"y":0.0026494048070162536,"z":-0.0013979705981910229,"w":0.8833858370780945},"size":7.077969551086426,"orthographic":false}