{"cameraMode":{"drawMode":0,"name":"Shaded","section":"Shading Mode"},"sceneLighting":false,"audioPlay":false,"sceneViewState":{"m_AlwaysRefresh":false,"showFog":true,"showSkybox":false,"showFlares":true,"showImageEffects":true,"showParticleSystems":true,"showVisualEffectGraphs":true,"m_FxEnabled":true},"in2DMode":false,"pivot":{"x":-3.013798475265503,"y":13.175738334655762,"z":-10.833025932312012},"rotation":{"x":0.25669819116592409,"y":-0.03914276510477066,"z":0.010377426631748677,"w":0.9656813740730286},"size":4.001952648162842,"orthographic":false}